#{"events": {"t_bfc": 0.0, "t_ffc": 0.3880000000000003, "t_release": 0.47000000000000025, "t_end": 0.5700000000000003}, "source": "cem"}
time,root_x,root_y,root_z,root_qw,root_qx,root_qy,root_qz,lumbar_flex,lumbar_lat,lumbar_rot,shoulder_l_flex,shoulder_l_abd,shoulder_l_rot,elbow_l_flex,wrist_l_flex,shoulder_r_flex,shoulder_r_abd,shoulder_r_rot,elbow_r_flex,wrist_r_flex,hip_l_flex,hip_l_abd,hip_l_rot,knee_l_flex,ankle_l_pf,hip_r_flex,hip_r_abd,hip_r_rot,knee_r_flex,ankle_r_pf
0.000000,-1.150000,0.000000,0.981885,0.921629,0.026695,-0.064447,0.381751,-5.000000,0.000000,15.000000,140.000000,25.000000,0.000000,40.000000,0.000000,-45.000000,15.000000,0.000000,25.000000,-20.000000,70.000000,0.000000,0.000000,75.000000,10.000000,20.000000,0.000000,0.000000,25.000000,-5.000000
0.010000,-1.124648,0.000595,0.990104,0.923451,0.038326,-0.077197,0.373911,-7.488461,-1.708175,14.436879,144.458394,24.348434,-0.010150,36.835732,-1.260756,-44.860634,16.639798,2.357628,21.818427,-17.803130,64.484106,-0.062649,0.832114,69.197062,1.823339,16.616041,-0.712333,0.896052,24.589742,4.750172
0.020000,-1.098066,0.001994,0.998920,0.925431,0.062893,-0.101457,0.359622,-11.689292,-4.767239,13.181275,151.349342,23.147782,-0.707930,30.277742,-4.504676,-42.295406,19.668599,7.873618,14.227102,-12.321665,55.499361,-0.204490,2.147504,60.357874,-10.986629,12.103585,-0.730609,3.160356,26.032023,7.570061
0.030000,-1.070262,0.003790,1.008128,0.927285,0.085917,-0.131805,0.339689,-16.193597,-7.623502,10.883711,160.276061,21.757975,-3.074199,20.563313,-9.364869,-37.167505,23.634934,15.299828,2.962026,-5.220806,45.060979,-0.122913,2.644758,49.324167,-23.625066,7.139081,-1.233954,6.011138,27.822688,5.135632
0.040000,-1.041372,0.005950,1.017953,0.927776,0.103849,-0.171983,0.314434,-21.365406,-9.625334,7.361405,171.015934,19.961092,-7.775319,8.120033,-15.544728,-28.953955,28.147990,23.614283,-11.003169,2.316192,33.179472,0.424943,1.562153,36.813677,-34.820240,1.049743,-2.580828,8.916250,29.032751,4.710717
0.050000,-1.011825,0.008505,1.028060,0.926197,0.114561,-0.217981,0.285515,-26.724188,-10.676972,2.866898,182.678663,16.889464,-14.833617,-6.165856,-22.741677,-19.593459,33.689185,32.227130,-19.374059,7.655035,20.700288,1.599002,-1.585796,23.728713,-38.865901,-5.866271,-4.610182,11.520776,29.384686,6.082088
0.060000,-0.981434,0.011470,1.037448,0.928118,0.111615,-0.248900,0.253354,-28.994561,-10.815340,-1.967060,192.439913,12.273914,-23.417593,-17.609125,-31.278103,-8.082950,39.932533,41.389593,-21.128434,10.583268,10.460644,4.022869,-6.502293,10.975310,-39.505628,-11.171430,-7.159200,13.706843,28.618096,8.922308
0.070000,-0.949409,0.015063,1.046467,0.931550,0.098191,-0.272393,0.219943,-29.328323,-9.790076,-7.295987,198.768856,7.459683,-32.505294,-20.875162,-41.664796,8.486408,44.742649,51.584220,-20.299740,12.373166,1.381171,7.882143,-12.215673,-1.239828,-39.044384,-16.585741,-9.925557,15.172392,25.939911,11.060928
0.080000,-0.916224,0.019501,1.055241,0.933114,0.079409,-0.293769,0.191552,-28.964773,-7.670779,-12.785397,202.432744,3.243313,-42.054238,-20.524506,-52.269544,27.604507,45.801920,62.263230,-18.653741,14.255549,-5.840803,12.088912,-17.701538,-8.800332,-38.355972,-23.146292,-12.367888,15.648263,20.736084,14.168147
0.090000,-0.882208,0.024860,1.064249,0.932262,0.063106,-0.314315,0.167665,-28.379995,-5.417259,-17.655502,203.371513,0.350704,-52.506314,-18.872049,-62.114657,44.565269,43.109610,72.671429,-16.989330,17.016766,-11.341879,15.133249,-22.762966,-10.465467,-37.716767,-31.042407,-13.807609,15.604613,13.353293,18.007973
0.100000,-0.850723,0.029323,1.072013,0.936397,0.048054,-0.316428,0.143963,-25.732818,-3.379044,-21.753454,203.197817,-1.113914,-63.723230,-16.967465,-70.935314,58.201123,37.640462,82.928467,-15.592242,20.912658,-13.923920,17.070215,-27.545225,-9.840123,-37.166782,-35.591357,-14.752590,15.674726,7.963581,22.316652
0.110000,-0.822359,0.031772,1.079473,0.943173,0.036209,-0.306933,0.122091,-22.262855,-1.867363,-24.531628,202.146990,-1.357495,-75.502568,-15.176330,-75.211061,66.357594,31.614145,94.220532,-14.515270,26.237291,-14.873282,18.043547,-32.137438,-8.542310,-36.716274,-36.818269,-15.525256,15.679809,5.927634,25.799573
0.120000,-0.795607,0.031698,1.088103,0.947955,0.031314,-0.298341,0.106745,-19.526006,-1.616029,-26.071384,199.815227,-0.647522,-87.768656,-12.840508,-75.922333,68.368401,26.993492,99.571236,-13.799881,32.882459,-15.946552,17.959962,-36.548255,-7.236969,-36.361690,-36.763842,-16.023868,15.100342,5.937963,29.741882
0.130000,-0.770453,0.030159,1.097596,0.949389,0.030576,-0.296882,0.097917,-18.167289,-1.992665,-27.780858,197.335197,1.331305,-96.931897,-8.652789,-75.245361,67.879368,22.620341,100.459636,-13.353044,40.592410,-17.891394,17.287493,-40.580774,-6.148268,-36.094361,-36.283021,-16.552967,14.016305,7.456408,35.229628
0.140000,-0.746939,0.027936,1.107205,0.947200,0.033173,-0.304547,0.094676,-18.413231,-2.757139,-30.120422,195.176045,4.218423,-99.559829,-2.861786,-74.178498,66.572075,17.901340,99.652034,-13.051876,49.164320,-20.917708,16.235637,-44.455643,-5.300019,-35.892409,-35.681445,-17.127347,12.530659,10.198253,42.287169
0.150000,-0.725054,0.025729,1.115939,0.941701,0.040505,-0.320615,0.093624,-20.165297,-4.035133,-32.917090,192.782024,7.445736,-99.401722,3.348478,-73.146363,65.175521,12.631548,98.378084,-12.831761,58.251125,-25.068090,14.675769,-47.249891,-4.654532,-35.735132,-35.052897,-17.249397,10.474762,13.954951,51.277453
0.160000,-0.704458,0.023734,1.123532,0.932900,0.050587,-0.343890,0.094223,-23.186845,-5.572440,-36.196449,189.790749,10.684570,-98.229016,9.153437,-72.297819,63.959042,6.775536,97.140869,-12.664514,67.600528,-30.203990,12.911913,-47.993759,-4.168199,-35.608821,-34.447351,-16.906382,7.827275,19.163186,55.938902
0.170000,-0.684918,0.021830,1.129569,0.924574,0.058594,-0.359627,0.111347,-25.436442,-6.968615,-41.457762,185.723402,13.776097,-96.809612,13.998299,-71.659756,62.949582,0.498063,96.105031,-12.532154,77.094781,-33.027360,12.077334,-47.393862,-3.748143,-35.505277,-33.700511,-16.461110,5.226449,22.376253,54.677640
0.180000,-0.665274,0.019698,1.134251,0.918709,0.062757,-0.364862,0.137520,-26.236196,-8.126885,-47.476335,180.136300,16.674096,-95.455735,17.472831,-71.209291,62.164390,-5.956252,95.304538,-12.429665,84.893488,-33.435337,12.525810,-46.612546,-3.434677,-35.417412,-33.092003,-15.817538,3.268832,23.359254,46.027741
0.190000,-0.645382,0.017080,1.137741,0.913893,0.064509,-0.366963,0.161170,-26.538318,-9.260106,-52.459800,172.775390,18.864120,-94.271338,19.193908,-70.905962,61.601850,-12.229420,94.713777,-12.363999,87.227988,-33.242592,13.472472,-46.243539,-3.192219,-35.335453,-32.505807,-15.175536,1.536725,24.580357,32.729025
0.200000,-0.626047,0.013760,1.140099,0.911462,0.064795,-0.367749,0.172623,-26.583618,-10.451364,-54.151489,163.210656,19.847955,-93.312759,19.798910,-70.680426,61.237601,-17.430326,94.284577,-12.352678,87.034388,-32.913404,14.583668,-46.085824,-2.977586,-35.256773,-32.040828,-14.216690,0.342981,26.062641,19.050911
0.210000,-0.607025,0.010430,1.141737,0.910135,0.065565,-0.368076,0.178535,-26.539919,-11.758425,-54.216488,152.353098,19.862939,-92.607837,20.545518,-70.076309,61.041013,-22.319303,93.977364,-12.368443,85.956226,-32.534244,15.636910,-46.040730,-2.787974,-35.181400,-31.743576,-12.803336,-1.081698,27.470630,5.519829
0.220000,-0.588213,0.007553,1.142839,0.909318,0.068051,-0.368058,0.181776,-26.466504,-13.194634,-53.700609,140.981415,19.450995,-92.123558,22.246925,-68.317452,60.962355,-27.438068,93.753611,-12.390805,84.714142,-32.165372,16.451039,-46.053862,-2.615041,-35.109704,-31.594318,-10.810364,-3.048448,28.639468,-8.085183
0.230000,-0.569585,0.005595,1.143527,0.908741,0.072878,-0.367616,0.183677,-26.389331,-14.755399,-52.970177,129.353376,19.036494,-91.805226,25.225318,-64.771812,60.954457,-32.232742,93.583633,-11.861659,83.601637,-31.822350,16.842882,-46.097132,-2.256009,-35.043072,-31.564351,-8.156357,-5.679702,29.394972,-21.712682
0.240000,-0.550895,0.005522,1.144163,0.907640,0.079716,-0.366582,0.188290,-26.334344,-16.405555,-51.981788,117.117011,18.278012,-91.603351,29.278013,-58.933421,60.976292,-33.823556,93.444595,-9.968676,82.737729,-31.471739,16.738351,-46.156818,-1.483365,-34.982108,-31.637150,-4.914092,-9.204104,29.531313,-34.640638
0.250000,-0.532515,0.007241,1.144618,0.906634,0.089127,-0.365100,0.191764,-26.282473,-18.119089,-51.082898,104.658025,18.173408,-91.488143,34.436082,-50.724466,61.007605,-33.816129,93.324828,-9.207582,82.097400,-31.172781,15.814149,-46.221130,0.379704,-34.927057,-31.760067,-0.997373,-13.215315,28.991905,-40.055392
0.260000,-0.514647,0.010402,1.144486,0.906139,0.101704,-0.362935,0.191956,-26.233506,-19.955922,-50.536731,92.017358,19.030873,-91.379365,39.422060,-40.922174,61.015764,-33.256755,93.165902,-10.459384,81.636637,-30.974976,14.001279,-46.263695,3.203471,-34.890746,-31.866034,3.576423,-17.325680,27.942401,-40.995571
0.270000,-0.497405,0.014321,1.143367,0.906576,0.117752,-0.359962,0.186234,-26.181515,-21.994735,-50.331571,79.172750,20.668118,-91.213688,42.603056,-30.674252,60.985187,-32.571481,92.923361,-11.500076,81.293831,-30.923798,11.374730,-46.261499,6.509721,-34.883904,-31.897589,8.738198,-21.194876,26.387203,-40.408741
0.280000,-0.480704,0.018522,1.141059,0.907748,0.137178,-0.356092,0.174281,-26.137291,-24.285558,-50.308800,66.102568,22.401118,-90.829177,42.593557,-20.752118,60.912923,-31.936268,92.592081,-11.888878,81.048575,-30.995552,8.097736,-46.212817,9.721452,-34.905659,-31.847269,14.347081,-24.860785,24.149503,-39.425653
0.290000,-0.464512,0.022062,1.137614,0.909072,0.160255,-0.350239,0.158869,-26.177186,-27.128163,-50.217819,55.991819,23.177174,-84.013842,37.082049,-11.144828,56.519137,-30.926347,93.015025,-11.854691,81.149894,-31.101063,4.458531,-46.128109,11.818626,-34.950541,-31.720544,20.201921,-28.619280,20.935502,-38.457519
0.300000,-0.448397,0.025461,1.132978,0.909737,0.186103,-0.342502,0.142957,-26.206901,-30.357038,-50.202571,46.925389,23.741359,-76.581592,29.917100,-3.206332,51.801611,-29.089593,92.652711,-11.763830,81.139282,-31.234493,0.734339,-46.015313,12.198009,-35.017682,-31.580486,26.088972,-32.625244,16.859450,-37.634868
0.310000,-0.432069,0.028415,1.127258,0.909631,0.212764,-0.332841,0.128532,-26.222934,-33.785197,-50.215954,38.514385,23.902923,-68.999135,21.493205,2.340744,47.156388,-26.072182,90.492351,-11.651942,81.051123,-31.372827,-2.670413,-45.881872,10.397789,-35.101831,-31.450758,31.575479,-36.731415,11.902074,-36.977703
0.320000,-0.414751,0.029063,1.120096,0.911533,0.223615,-0.324158,0.118433,-26.198950,-35.359105,-50.221258,30.933165,23.751711,-61.793942,12.292107,5.546384,42.347503,-21.776327,86.340355,-11.494354,80.923455,-31.453306,-3.549160,-45.737144,6.530400,-35.009181,-31.325507,33.777887,-39.833102,5.208025,-36.283208
0.330000,-0.396761,0.028468,1.111313,0.915159,0.225321,-0.315451,0.110479,-26.129730,-35.796459,-50.064202,23.981764,23.758140,-56.054008,3.442677,6.862292,37.308338,-16.514496,80.714454,-11.270795,80.759689,-31.464020,-3.065241,-45.585545,1.335254,-34.578425,-31.147538,33.960997,-41.316920,-2.741660,-35.385200
0.340000,-0.378908,0.027422,1.100617,0.920714,0.218185,-0.307391,0.100949,-26.033093,-34.975777,-49.154943,17.488615,23.927261,-52.353849,-4.350784,6.720342,31.949067,-10.243359,73.896482,-10.228246,80.094500,-31.401584,-1.666134,-44.880066,-4.118898,-33.810407,-29.479471,33.436049,-40.355436,-7.414476,-34.221138
0.350000,-0.361459,0.026599,1.088487,0.927492,0.204594,-0.302088,0.081504,-25.920369,-33.145106,-46.385870,11.230102,24.138276,-51.138038,-10.546701,5.506841,25.806259,-2.756694,66.001965,-6.604917,77.920260,-31.222465,-0.703216,-42.649360,-6.216202,-29.220095,-26.030667,32.738565,-36.806318,-8.279090,-28.579002
0.360000,-0.344344,0.026262,1.074901,0.934991,0.190012,-0.295516,0.048553,-25.326706,-31.127279,-41.284841,4.563246,24.632779,-52.624014,-13.347733,3.343398,17.929235,5.734820,56.978906,0.896772,73.416213,-31.000229,-0.620478,-38.716961,-6.410572,-18.229392,-20.837615,32.036632,-31.043726,-7.666889,-16.635092
0.370000,-0.327134,0.026528,1.059165,0.943747,0.174136,-0.281087,0.002953,-23.352054,-28.915704,-33.915132,-2.596572,25.014481,-56.750828,-13.648619,0.681368,7.375817,14.383466,46.766520,12.006533,66.095910,-30.136526,-1.067522,-33.345423,-5.933464,-4.309151,-13.431441,30.694344,-23.736338,-6.636903,-2.243072
0.380000,-0.309275,0.027493,1.041079,0.950753,0.156125,-0.262939,-0.050571,-20.895467,-26.207107,-25.431855,-10.190705,25.287723,-62.272162,-12.271123,-2.134014,-5.824590,21.755705,35.741930,24.349127,56.664015,-29.095114,-1.569675,-27.401670,-5.300522,9.741741,-5.349754,28.019864,-16.153752,-5.625656,12.222286
0.390000,-0.290481,0.028938,1.021116,0.952668,0.139058,-0.246308,-0.111441,-18.833124,-23.458126,-16.553384,-18.298514,25.630960,-67.968676,-9.530800,-4.889709,-20.788947,26.800024,24.391244,35.583239,46.374381,-28.719150,-2.234729,-21.171085,-4.491264,20.585702,2.147349,24.220054,-8.804283,-4.774524,26.754157
0.400000,-0.270241,0.029173,1.002244,0.944655,0.136663,-0.234009,-0.184903,-17.006811,-22.867898,-6.940088,-27.187241,26.246494,-73.354364,-5.732783,-7.430655,-36.399271,28.772558,13.094694,44.675297,35.905420,-30.853119,-3.837217,-12.893042,-3.519513,11.610080,8.963403,20.585271,-1.392103,-4.109068,41.310954
0.410000,-0.250179,0.029788,0.982842,0.932760,0.141541,-0.212135,-0.254799,-13.744680,-22.788565,2.230431,-36.301026,26.828403,-78.306048,-1.164851,-9.653219,-52.095518,28.002395,1.815654,52.164083,25.827313,-31.789730,-6.345739,-5.425093,-3.178417,1.854120,16.250381,16.419039,5.288989,-3.607918,54.552923
0.420000,-0.229862,0.030884,0.962872,0.917310,0.147786,-0.187437,-0.318698,-10.074445,-22.294132,10.740023,-45.174705,27.410304,-82.753908,3.950974,-11.480757,-67.266680,24.641326,-9.324073,58.584712,16.742333,-31.863708,-9.195753,0.919730,-3.139848,-5.664355,22.717685,11.525208,11.306663,-3.232206,59.783769
0.430000,-0.209031,0.032300,0.942587,0.897904,0.154968,-0.164020,-0.377955,-6.546201,-21.399025,18.691946,-53.712252,28.127145,-86.628339,9.398958,-12.867662,-81.431619,18.883161,-20.085602,64.237697,9.224433,-31.603492,-12.334670,6.469143,-3.221897,-11.853837,28.140003,6.217247,16.956831,-2.958168,60.783202
0.440000,-0.187471,0.033963,0.922100,0.875119,0.163592,-0.142039,-0.432701,-3.147997,-20.131698,25.989001,-62.074073,28.924266,-90.096023,14.907445,-13.848285,-94.571858,11.296288,-30.224050,69.368811,3.333523,-31.048062,-15.741027,11.352373,-3.335555,-16.507455,32.815439,0.741655,22.442568,-2.760305,60.343016
0.450000,-0.163076,0.034762,0.905681,0.840459,0.191817,-0.130753,-0.489632,0.604250,-21.099422,33.717400,-70.610980,29.597598,-92.048156,20.142441,-14.500954,-106.437789,2.691287,-39.559436,73.936703,-1.257302,-30.480877,-22.389268,16.414544,-3.448993,-19.571916,36.635740,-3.215589,28.715516,-2.629463,59.512685
0.460000,-0.136807,0.034965,0.891045,0.803059,0.223651,-0.119959,-0.539153,4.894847,-21.588506,40.593469,-79.409470,30.020420,-92.514431,25.055400,-14.921849,-118.127636,-6.511093,-48.521564,78.172496,-4.723638,-29.128941,-29.409324,21.012060,-3.541568,-20.659722,40.182526,-6.943780,34.667989,-2.539887,58.679195
0.470000,-0.109561,0.034529,0.877077,0.773078,0.249285,-0.103925,-0.573940,9.266819,-20.124639,45.259007,-88.490858,30.541102,-92.385860,29.705329,-15.201366,-130.154844,-16.265408,-57.088050,81.444636,-7.280110,-27.000059,-34.702007,24.213627,-3.608967,-22.731902,43.985803,-10.759569,39.874217,-2.482565,57.972222
0.480000,-0.083213,0.032395,0.865025,0.773833,0.246539,-0.081857,-0.577668,11.495590,-14.978875,44.855562,-95.104153,32.805423,-92.380672,34.625024,-15.418433,-142.014486,-27.320110,-65.077992,82.645585,-8.851715,-25.989536,-34.451495,23.712320,-3.590126,-26.080811,48.055888,-13.836891,43.768028,-2.462672,57.410005
0.490000,-0.056107,0.028647,0.858342,0.778798,0.237698,-0.063350,-0.577027,12.924559,-9.468611,43.763696,-96.830525,36.046577,-92.612673,39.745333,-15.635081,-153.716777,-36.264148,-71.110509,80.803706,-9.823217,-25.668677,-33.738459,23.509170,-3.517364,-27.735302,51.757952,-16.002776,46.539976,-2.466664,56.985697
0.500000,-0.029223,0.024511,0.853419,0.782166,0.234668,-0.041398,-0.575703,15.543496,-4.762620,42.955206,-96.460786,39.133397,-92.667110,44.673018,-15.925117,-165.506453,-38.473038,-74.619225,74.991701,-11.066147,-24.510495,-33.560928,24.023637,-3.416809,-28.532325,56.333292,-17.488609,48.173713,-2.508236,56.672251
0.510000,-0.002092,0.019893,0.849675,0.783863,0.236569,-0.018854,-0.573793,18.887491,-0.706212,43.563742,-95.363772,43.857255,-92.485663,49.978794,-16.271794,-176.415071,-37.882486,-78.962250,69.094770,-12.354553,-22.972386,-34.104597,25.429352,-3.363631,-28.509352,61.408327,-18.332398,48.912083,-2.539607,56.449117
0.520000,0.025485,0.014436,0.847045,0.785138,0.239657,0.003023,-0.571064,22.520674,3.179557,45.689772,-94.155812,50.746778,-92.147257,55.484256,-16.638753,-186.541104,-36.421275,-85.284864,66.202182,-13.326204,-21.457398,-34.935679,27.351578,-3.353307,-27.780742,66.613481,-18.687486,49.148502,-2.553245,56.292377
0.530000,0.053606,0.008078,0.845523,0.786637,0.241992,0.023858,-0.567515,26.237888,7.173283,48.999858,-93.082744,59.559547,-91.739243,60.666154,-16.999270,-196.377968,-34.811295,-92.630936,68.210800,-13.597012,-20.111932,-35.807005,29.607413,-3.367182,-26.421325,71.779296,-18.645278,49.144900,-2.549347,56.184201
0.540000,0.082101,0.000777,0.845042,0.790344,0.241618,0.043916,-0.561292,30.088700,11.412874,52.045409,-92.214068,68.804992,-91.337873,64.699827,-17.364454,-207.788103,-32.778023,-95.944703,74.151976,-12.967623,-19.070520,-36.342307,31.954222,-3.390701,-24.586682,76.876108,-18.116255,48.925961,-2.524091,56.113188
0.550000,0.110728,-0.007447,0.845512,0.798134,0.239537,0.061976,-0.549329,34.329902,15.411051,52.998845,-91.560454,76.433973,-90.953920,67.096809,-17.789178,-220.790502,-30.273882,-96.622560,81.478417,-11.507659,-18.576812,-36.443436,33.772657,-3.430314,-22.282725,81.876137,-16.727214,48.398331,-2.476839,56.070943
0.560000,0.139550,-0.016503,0.846653,0.806473,0.237775,0.077095,-0.535836,38.786160,18.955137,53.052758,-91.090665,83.249938,-90.578725,68.501330,-18.289594,-234.818662,-27.333171,-96.341470,89.068754,-9.387263,-18.493733,-36.530743,35.233966,-3.472641,-18.723845,86.623246,-14.929783,47.809412,-2.425460,56.046808
0.570000,0.168638,-0.026378,0.848333,0.813603,0.236318,0.089963,-0.523555,43.325191,22.216715,52.807510,-90.761963,89.645844,-90.241256,69.222663,-18.864145,-249.727982,-24.205263,-95.833028,96.457919,-6.796249,-18.612142,-36.701599,36.704403,-3.513375,-15.409706,91.138375,-13.138806,47.291259,-2.379638,56.033296
